{
  "name": "core-localstorage",
  "private": true,
  "dependencies": {
    "polymer": "Polymer/polymer#master"
  },
  "devDependencies": {
    "web-component-tester": "Polymer/web-component-tester#^1.1.0"
  },
  "homepage": "https://github.com/Polymer/core-localstorage",
  "_release": "b32449003f",
  "_resolution": {
    "type": "branch",
    "branch": "master",
    "commit": "b32449003faf09d756d8e0b766288b7dcf62fca1"
  },
  "_source": "git://github.com/Polymer/core-localstorage.git",
  "_target": "master",
  "_originalSource": "Polymer/core-localstorage"
}