{
  "name": "core-selection",
  "private": true,
  "dependencies": {
    "polymer": "Polymer/polymer#master"
  },
  "devDependencies": {
    "web-component-tester": "Polymer/web-component-tester#^1.1.0"
  },
  "homepage": "https://github.com/Polymer/core-selection",
  "_release": "dc9970135f",
  "_resolution": {
    "type": "branch",
    "branch": "master",
    "commit": "dc9970135fe036c08c1b69b8ebd89d27a05c5929"
  },
  "_source": "git://github.com/Polymer/core-selection.git",
  "_target": "master",
  "_originalSource": "Polymer/core-selection"
}