{
  "name": "core-scroll-header-panel",
  "private": true,
  "dependencies": {
    "core-field": "Polymer/core-field#master",
    "core-icon-button": "Polymer/core-icon-button#master",
    "core-input": "Polymer/core-input#master",
    "core-media-query": "Polymer/core-media-query#master",
    "core-toolbar": "Polymer/core-toolbar#master"
  },
  "homepage": "https://github.com/Polymer/core-scroll-header-panel",
  "_release": "18603cc0c3",
  "_resolution": {
    "type": "branch",
    "branch": "master",
    "commit": "18603cc0c3d112a29e5d4cc0dab556a17ffba5ce"
  },
  "_source": "git://github.com/Polymer/core-scroll-header-panel.git",
  "_target": "master",
  "_originalSource": "Polymer/core-scroll-header-panel"
}