{
  "name": "core-overlay",
  "private": true,
  "dependencies": {
    "polymer": "Polymer/polymer#master",
    "core-transition": "Polymer/core-transition#master"
  },
  "homepage": "https://github.com/Polymer/core-overlay",
  "_release": "2f0ae372dc",
  "_resolution": {
    "type": "branch",
    "branch": "master",
    "commit": "2f0ae372dc6d87024cb243a52b6941782769a472"
  },
  "_source": "git://github.com/Polymer/core-overlay.git",
  "_target": "master",
  "_originalSource": "Polymer/core-overlay"
}