{
  "name": "core-selector",
  "private": true,
  "dependencies": {
    "polymer": "Polymer/polymer#master",
    "core-selection": "Polymer/core-selection#master"
  },
  "devDependencies": {
    "web-component-tester": "Polymer/web-component-tester#^1.4.2"
  },
  "homepage": "https://github.com/Polymer/core-selector",
  "_release": "2a27c0c168",
  "_resolution": {
    "type": "branch",
    "branch": "master",
    "commit": "2a27c0c1684319fd01b06db2a33280c30ba2f0f8"
  },
  "_source": "git://github.com/Polymer/core-selector.git",
  "_target": "master",
  "_originalSource": "Polymer/core-selector"
}