{
  "name": "core-animated-pages",
  "private": true,
  "dependencies": {
    "polymer": "Polymer/polymer#master",
    "core-selector": "Polymer/core-selector#master",
    "core-style": "Polymer/core-style#master",
    "core-transition": "Polymer/core-transition#master"
  },
  "homepage": "https://github.com/Polymer/core-animated-pages",
  "_release": "8150164b38",
  "_resolution": {
    "type": "branch",
    "branch": "master",
    "commit": "8150164b3821597935e1fd89b752fba1dd6da871"
  },
  "_source": "git://github.com/Polymer/core-animated-pages.git",
  "_target": "master",
  "_originalSource": "Polymer/core-animated-pages"
}