{
  "name": "core-iconset",
  "private": true,
  "dependencies": {
    "polymer": "Polymer/polymer#master",
    "core-meta": "Polymer/core-meta#master",
    "core-icon": "Polymer/core-icon#master"
  },
  "homepage": "https://github.com/Polymer/core-iconset",
  "_release": "c9f1aeb236",
  "_resolution": {
    "type": "branch",
    "branch": "master",
    "commit": "c9f1aeb2362696ea767ee876f55bb2087af51029"
  },
  "_source": "git://github.com/Polymer/core-iconset.git",
  "_target": "master",
  "_originalSource": "Polymer/core-iconset"
}