{
  "name": "core-list",
  "private": true,
  "dependencies": {
    "polymer": "Polymer/polymer#master",
    "core-selection": "Polymer/core-selection#master"
  },
  "devDependencies": {
    "web-component-tester": "Polymer/web-component-tester#master",
    "core-ajax": "Polymer/core-ajax#master",
    "core-icon": "Polymer/core-icon#master",
    "core-icon-button": "Polymer/core-icon-button#master",
    "core-icons": "Polymer/core-icons#master",
    "core-image": "Polymer/core-image#master",
    "core-media-query": "Polymer/core-media-query#master",
    "core-menu": "Polymer/core-menu#master",
    "core-overlay": "Polymer/core-overlay#master",
    "core-scroll-header-panel": "Polymer/core-scroll-header-panel#master",
    "core-scroll-threshold": "Polymer/core-scroll-threshold#master",
    "core-selector": "Polymer/core-selector#master",
    "core-toolbar": "Polymer/core-toolbar#master",
    "paper-dropdown": "Polymer/paper-dropdown#master",
    "paper-fab": "Polymer/paper-fab#master",
    "paper-icon-button": "Polymer/paper-icon-button#master",
    "paper-input": "Polymer/paper-input#master",
    "paper-item": "Polymer/paper-item#master",
    "paper-menu-button": "Polymer/paper-menu-button#master",
    "paper-shadow": "Polymer/paper-shadow#master",
    "paper-slider": "Polymer/paper-slider#master",
    "paper-spinner": "Polymer/paper-spinner#master"
  },
  "homepage": "https://github.com/Polymer/core-list",
  "_release": "3eb1460fc4",
  "_resolution": {
    "type": "branch",
    "branch": "master",
    "commit": "3eb1460fc405f3342363baa4efe810151b4b2e9f"
  },
  "_source": "git://github.com/Polymer/core-list.git",
  "_target": "master",
  "_originalSource": "Polymer/core-list"
}