{
  "name": "core-component-page",
  "private": true,
  "dependencies": {
    "platform": "Polymer/platform#master",
    "polymer": "Polymer/polymer#master"
  },
  "homepage": "https://github.com/Polymer/core-component-page",
  "_release": "e99ef432c0",
  "_resolution": {
    "type": "branch",
    "branch": "master",
    "commit": "e99ef432c02af46a724a8edbf647b7a5a1a27276"
  },
  "_source": "git://github.com/Polymer/core-component-page.git",
  "_target": "master",
  "_originalSource": "Polymer/core-component-page"
}