{
  "name": "core-ajax",
  "private": true,
  "dependencies": {
    "polymer": "Polymer/polymer#master"
  },
  "devDependencies": {
    "polymer-test-tools": "Polymer/polymer-test-tools#master"
  },
  "homepage": "https://github.com/Polymer/core-ajax",
  "_release": "8c3aa77093",
  "_resolution": {
    "type": "branch",
    "branch": "master",
    "commit": "8c3aa7709333239d12aec11f1b47281b8daad074"
  },
  "_source": "git://github.com/Polymer/core-ajax.git",
  "_target": "master",
  "_originalSource": "Polymer/core-ajax"
}