{
  "name": "core-animation",
  "private": true,
  "dependencies": {
    "polymer": "Polymer/polymer#master",
    "web-animations-js": "web-animations/web-animations-js#master"
  },
  "homepage": "https://github.com/Polymer/core-animation",
  "_release": "dea3875e6c",
  "_resolution": {
    "type": "branch",
    "branch": "master",
    "commit": "dea3875e6cf6e1fe026c5775d6038370565d7f24"
  },
  "_source": "git://github.com/Polymer/core-animation.git",
  "_target": "master",
  "_originalSource": "Polymer/core-animation"
}