{
  "name": "core-label",
  "private": true,
  "dependencies": {
    "polymer": "Polymer/polymer#master"
  },
  "devDependencies": {
    "web-component-tester": "Polymer/web-component-tester#^1"
  },
  "ignore": [
    "**/.*",
    "node_modules",
    "bower_components",
    "test",
    "tests"
  ],
  "homepage": "https://github.com/Polymer/core-label",
  "_release": "b5d05b08bb",
  "_resolution": {
    "type": "branch",
    "branch": "master",
    "commit": "b5d05b08bb9a846d7d12d46e3bfb97b44da06361"
  },
  "_source": "git://github.com/Polymer/core-label.git",
  "_target": "master",
  "_originalSource": "Polymer/core-label"
}