{
  "name": "core-scaffold",
  "private": true,
  "dependencies": {
    "core-drawer-panel": "Polymer/core-drawer-panel#master",
    "core-header-panel": "Polymer/core-header-panel#master",
    "core-icon-button": "Polymer/core-icon-button#master",
    "core-toolbar": "Polymer/core-toolbar#master"
  },
  "homepage": "https://github.com/Polymer/core-scaffold",
  "_release": "143b42f560",
  "_resolution": {
    "type": "branch",
    "branch": "master",
    "commit": "143b42f5607c155d18cf717d890b75ff694f037b"
  },
  "_source": "git://github.com/Polymer/core-scaffold.git",
  "_target": "master",
  "_originalSource": "Polymer/core-scaffold"
}