{
  "name": "core-menu",
  "private": true,
  "dependencies": {
    "core-selector": "Polymer/core-selector#master",
    "core-collapse": "Polymer/core-collapse#master",
    "core-item": "Polymer/core-item#master"
  },
  "homepage": "https://github.com/Polymer/core-menu",
  "_release": "823868ce63",
  "_resolution": {
    "type": "branch",
    "branch": "master",
    "commit": "823868ce63ef5445d25421d6e360bc0907edb922"
  },
  "_source": "git://github.com/Polymer/core-menu.git",
  "_target": "master",
  "_originalSource": "Polymer/core-menu"
}