{
  "name": "core-icon",
  "private": true,
  "dependencies": {
    "core-iconset": "Polymer/core-iconset#master",
    "core-icons": "Polymer/core-icons#master"
  },
  "homepage": "https://github.com/Polymer/core-icon",
  "_release": "0ecdfbe4ab",
  "_resolution": {
    "type": "branch",
    "branch": "master",
    "commit": "0ecdfbe4abbd9217d9576b23b9760ad9cb96a3f4"
  },
  "_source": "git://github.com/Polymer/core-icon.git",
  "_target": "master",
  "_originalSource": "Polymer/core-icon"
}