{
  "name": "core-icons",
  "private": true,
  "dependencies": {
    "core-icon": "Polymer/core-icon#master",
    "core-iconset-svg": "Polymer/core-iconset-svg#master",
    "polymer": "Polymer/polymer#master"
  },
  "homepage": "https://github.com/Polymer/core-icons",
  "_release": "f8c0ef467f",
  "_resolution": {
    "type": "branch",
    "branch": "master",
    "commit": "f8c0ef467f2c2d30b66a52920519c691c5f530eb"
  },
  "_source": "git://github.com/Polymer/core-icons.git",
  "_target": "master",
  "_originalSource": "Polymer/core-icons"
}