{
  "name": "core-drawer-panel",
  "private": true,
  "dependencies": {
    "core-selector": "Polymer/core-selector#master",
    "core-media-query": "Polymer/core-media-query#master"
  },
  "homepage": "https://github.com/Polymer/core-drawer-panel",
  "_release": "7bfd212e20",
  "_resolution": {
    "type": "branch",
    "branch": "master",
    "commit": "7bfd212e208bf3f2b8f0f8b0bb0f44955ad5dd7a"
  },
  "_source": "git://github.com/Polymer/core-drawer-panel.git",
  "_target": "master",
  "_originalSource": "Polymer/core-drawer-panel"
}