{
  "name": "core-doc-viewer",
  "private": true,
  "dependencies": {
    "core-ajax": "Polymer/core-ajax#master",
    "core-menu": "Polymer/core-menu#master",
    "core-item": "Polymer/core-item#master",
    "core-toolbar": "Polymer/core-toolbar#master",
    "core-icons": "Polymer/core-icons#master",
    "core-icon-button": "Polymer/core-icon-button#master",
    "core-header-panel": "Polymer/core-header-panel#master",
    "context-free-parser": "Polymer/context-free-parser#master",
    "marked-element": "PolymerLabs/marked-element#master",
    "prettify-element": "Polymer/prettify-element#master"
  },
  "homepage": "https://github.com/Polymer/core-doc-viewer",
  "_release": "09cbecbc68",
  "_resolution": {
    "type": "branch",
    "branch": "master",
    "commit": "09cbecbc683879c5aa0c38eb4c4202a928971e9e"
  },
  "_source": "git://github.com/Polymer/core-doc-viewer.git",
  "_target": "master",
  "_originalSource": "Polymer/core-doc-viewer"
}