﻿[
    {
        "uuid": "190008cc-57d5-3539-b325-5d1db967310e",
        "status": {
            "cod": "5",
            "description": "Operative"
        },
        "holders": [
            {
                "name": "Januar Wayong Wayong",
                "interventionDegree": {
                    "description": "PRIMER TITULAR",
                    "code": "1"
                }
            },
            {
                "name": "Jan W W",
                "interventionDegree": {
                    "description": "COTITULAR",
                    "code": "2"
                }
            }
        ],
        "name": "Savings Maximiser",
        "openingDate": "06/07/2000",
        "bic": "INGDESMMXXX",
        "bank": "1465",
        "iban": "ES11 1465 0100 99 2000887601",
        "productNumber": "14650100992000887601",
        "type": 20,
        "balance": 168.94,
        "availableBalance": 168.94,
        "interventionCod": 1,
        "interventionDesc": "Primer titular"
    },
    {
        "uuid": "23ed21a6-6ebb-3adb-aca9-b96d8facd4da",
        "status": {
            "cod": "5",
            "description": "Operative"
        },
        "holders": [
            {
                "name": "Januar Wayong Wayong",
                "interventionDegree": {
                    "description": "TITULAR",
                    "code": "1"
                }
            }
        ],
        "name": "Savings Maximiser",
        "openingDate": "24/10/2001",
        "bic": "INGDESMMXXX",
        "bank": "1465",
        "iban": "ES56 1465 0100 98 2003012692",
        "productNumber": "14650100982003012692",
        "type": 20,
        "balance": 2465.52,
        "availableBalance": 2465.52,
        "interventionCod": 1,
        "interventionDesc": "Titular"
    },
    {
        "uuid": "1f19ef57-8908-370c-904d-3c4502c66d23",
        "status": {
            "cod": "5",
            "description": "Operative"
        },
        "holders": [
            {
                "name": "Januar Wayong Wayong",
                "interventionDegree": {
                    "description": "REPRESENTANTE",
                    "code": "4"
                }
            },
            {
                "name": "Jan W W",
                "interventionDegree": {
                    "description": "MENOR TITULAR",
                    "code": "5"
                }
            }
        ],
        "assignedOverdraftLimit": 755,
        "name": "Orange Everyday",
        "openingDate": "12/03/2008",
        "bic": "INGDESMMXXX",
        "bank": "1465",
        "iban": "ES24 1465 0100 98 1704997452",
        "productNumber": "14650100981704997452",
        "type": 17,
        "subtype": "1",
        "balance": 277.41,
        "availableBalance": 25.41,
        "interventionCod": 4,
        "interventionDesc": "Representante"
    },
    {
        "uuid": "1647c967-d906-3b05-ba39-8cb03725a7a5",
        "status": {
            "cod": "5",
            "description": "Operative"
        },
        "holders": [
            {
                "name": "Januar Wayong Wayong",
                "interventionDegree": {
                    "description": "REPRESENTANTE",
                    "code": "4"
                }
            },
            {
                "name": "Jan W W",
                "interventionDegree": {
                    "description": "MENOR TITULAR",
                    "code": "5"
                }
            }
        ],
        "name": "Savings Maximiser",
        "openingDate": "30/04/2009",
        "bic": "INGDESMMXXX",
        "bank": "1465",
        "iban": "ES38 1465 0100 91 2024414469",
        "productNumber": "14650100912024414469",
        "type": 20,
        "alias": "PRUEBAS REPRESENTADO VICTOR",
        "subtype": "mini",
        "balance": 1452.93,
        "availableBalance": 1452.93,
        "interventionCod": 4,
        "interventionDesc": "Representante"
    }
]